{"default-logo":"","default-logo_id":"","logo-max-width":"160","logo-max-width_unit":"","logo-max-height":"80","logo-max-height_unit":"","logo-margin-top":"40","logo-margin-top_unit":"","logo-margin-left":"40","logo-margin-left_unit":"","use-text-logo":"on","text-logo":"","logo-font-family":"Open Sans","logo-font-size":"15","logo-font-size_unit":"","logo-font-color":"#A55CFD","logo-text-align":"left","logo-position":"left","footer-logo":"","footer-logo_id":"","mobile-logo":"","mobile-logo_id":"","header-style":"header1","header-slogan":"","header-info":["phone","address"],"phone-number":"","header-email":"","header-addres":"","header-height":"120","header-height_unit":"","sticky-header":"on","sticky-header-behavior":"fixed","show-header-top":"disable","footer-background-image":"","footer-background-image_id":"","footer-widgets":"on","footer-columns":"4","footer-columns_unit":"","footer-navigation":"off","footer-padding-top":"40","footer-padding-top_unit":"","footer-padding-right":"0","footer-padding-right_unit":"","footer-padding-bottom":"40","footer-padding-bottom_unit":"","footer-padding-left":"0","footer-padding-left_unit":"","copyright-bar":"on","copyright-text":"","create-sidebar":[""],"number":"20","number_unit":"","number-2":"8","number-2_unit":"","currency":"59.99","currency_unit":"","currency-2":"70.45","currency-2_unit":"","textarea":"","textarea-grid":"","wp-editor":"","code-editor-css":"","code-editor-html":"","code-editor-js":"","switcher-on":"on","switcher-off":"off","input-checkbox":["active"],"xbox-categories":["featured","uncategorized"],"input-radio":"active","my-date":"","my-time":"","image-selector-demo":"demo1","image-selector":"right","select":"male","select-images":"elliot","select-option-group":"","icon-selector":"","select-icons":"fa-apple","colorpicker":"#9343F5","colorpicker-alpha":"rgba(147,67,245,1)","file-upload":"","file-upload_id":"","image-upload":"","image-upload_id":"","image-upload-multiple":"","image-upload-multiple_id":"","image-upload-repeatable":"","image-upload-repeatable_id":"","oembed-youtube":"https:\/\/www.youtube.com\/watch?v=Tf4sa0BVJVw","oembed-vimeo":"https:\/\/vimeo.com\/100973320","oembed-soundcloud":"https:\/\/soundcloud.com\/onepingonly\/pop-charts-mix-2016-best-remixes-of-popular-songs-2015-new-dance-hits-top-100-edm-party-music","wp_upload_dir":"http:\/\/localhost\/tema\/wp-content\/uploads","plugins_url":"http:\/\/localhost\/tema\/wp-content\/plugins"}